"","File_waterbody","File_name"
"1","Aspen Lake_01161255","./Images/Aspen Lake_01161255-2023-05-22.jpg"
"2","Aspen Lake_01161255","./Images/Aspen Lake_01161255-2023-05-23.jpg"
"3","Aspen Lake_01161255","./Images/Aspen Lake_01161255-2023-05-24.jpg"
"4","Aspen Lake_01161255","./Images/Aspen Lake_01161255-2023-05-25.jpg"
"5","Aspen Lake_01161255","./Images/Aspen Lake_01161255-2023-05-26.jpg"
"6","Aspen Lake_01161255","./Images/Aspen Lake_01161255-2023-05-27.jpg"
"7","Aspen Lake_01161255","./Images/Aspen Lake_01161255-2023-05-28.jpg"
"8","Beulah Reservoir_01117569","./Images/Beulah Reservoir_01117569-2023-05-22.jpg"
"9","Beulah Reservoir_01117569","./Images/Beulah Reservoir_01117569-2023-05-23.jpg"
"10","Beulah Reservoir_01117569","./Images/Beulah Reservoir_01117569-2023-05-24.jpg"
"11","Beulah Reservoir_01117569","./Images/Beulah Reservoir_01117569-2023-05-25.jpg"
"12","Beulah Reservoir_01117569","./Images/Beulah Reservoir_01117569-2023-05-26.jpg"
"13","Beulah Reservoir_01117569","./Images/Beulah Reservoir_01117569-2023-05-27.jpg"
"14","Beulah Reservoir_01117569","./Images/Beulah Reservoir_01117569-2023-05-28.jpg"
"15","Brownlee Reservoir_00378278","./Images/Brownlee Reservoir_00378278-2023-05-22.jpg"
"16","Brownlee Reservoir_00378278","./Images/Brownlee Reservoir_00378278-2023-05-23.jpg"
"17","Brownlee Reservoir_00378278","./Images/Brownlee Reservoir_00378278-2023-05-24.jpg"
"18","Brownlee Reservoir_00378278","./Images/Brownlee Reservoir_00378278-2023-05-25.jpg"
"19","Brownlee Reservoir_00378278","./Images/Brownlee Reservoir_00378278-2023-05-26.jpg"
"20","Brownlee Reservoir_00378278","./Images/Brownlee Reservoir_00378278-2023-05-27.jpg"
"21","Brownlee Reservoir_00378278","./Images/Brownlee Reservoir_00378278-2023-05-28.jpg"
"22","Cold Springs Reservoir_01119125","./Images/Cold Springs Reservoir_01119125-2023-05-22.jpg"
"23","Cold Springs Reservoir_01119125","./Images/Cold Springs Reservoir_01119125-2023-05-23.jpg"
"24","Cold Springs Reservoir_01119125","./Images/Cold Springs Reservoir_01119125-2023-05-24.jpg"
"25","Cold Springs Reservoir_01119125","./Images/Cold Springs Reservoir_01119125-2023-05-25.jpg"
"26","Cold Springs Reservoir_01119125","./Images/Cold Springs Reservoir_01119125-2023-05-26.jpg"
"27","Cold Springs Reservoir_01119125","./Images/Cold Springs Reservoir_01119125-2023-05-27.jpg"
"28","Cold Springs Reservoir_01119125","./Images/Cold Springs Reservoir_01119125-2023-05-28.jpg"
"29","Cottage Grove Lake_01158179","./Images/Cottage Grove Lake_01158179-2023-05-22.jpg"
"30","Cottage Grove Lake_01158179","./Images/Cottage Grove Lake_01158179-2023-05-23.jpg"
"31","Cottage Grove Lake_01158179","./Images/Cottage Grove Lake_01158179-2023-05-24.jpg"
"32","Cottage Grove Lake_01158179","./Images/Cottage Grove Lake_01158179-2023-05-25.jpg"
"33","Cottage Grove Lake_01158179","./Images/Cottage Grove Lake_01158179-2023-05-26.jpg"
"34","Cottage Grove Lake_01158179","./Images/Cottage Grove Lake_01158179-2023-05-27.jpg"
"35","Cottage Grove Lake_01158179","./Images/Cottage Grove Lake_01158179-2023-05-28.jpg"
"36","Crane Prairie Reservoir_01140386","./Images/Crane Prairie Reservoir_01140386-2023-05-22.jpg"
"37","Crane Prairie Reservoir_01140386","./Images/Crane Prairie Reservoir_01140386-2023-05-23.jpg"
"38","Crane Prairie Reservoir_01140386","./Images/Crane Prairie Reservoir_01140386-2023-05-24.jpg"
"39","Crane Prairie Reservoir_01140386","./Images/Crane Prairie Reservoir_01140386-2023-05-25.jpg"
"40","Crane Prairie Reservoir_01140386","./Images/Crane Prairie Reservoir_01140386-2023-05-26.jpg"
"41","Crane Prairie Reservoir_01140386","./Images/Crane Prairie Reservoir_01140386-2023-05-27.jpg"
"42","Crane Prairie Reservoir_01140386","./Images/Crane Prairie Reservoir_01140386-2023-05-28.jpg"
"43","Crater Lake_01163669","./Images/Crater Lake_01163669-2023-05-22.jpg"
"44","Crater Lake_01163669","./Images/Crater Lake_01163669-2023-05-23.jpg"
"45","Crater Lake_01163669","./Images/Crater Lake_01163669-2023-05-24.jpg"
"46","Crater Lake_01163669","./Images/Crater Lake_01163669-2023-05-25.jpg"
"47","Crater Lake_01163669","./Images/Crater Lake_01163669-2023-05-26.jpg"
"48","Crater Lake_01163669","./Images/Crater Lake_01163669-2023-05-27.jpg"
"49","Crater Lake_01163669","./Images/Crater Lake_01163669-2023-05-28.jpg"
"50","Crescent Lake_01158186","./Images/Crescent Lake_01158186-2023-05-22.jpg"
"51","Crescent Lake_01158186","./Images/Crescent Lake_01158186-2023-05-23.jpg"
"52","Crescent Lake_01158186","./Images/Crescent Lake_01158186-2023-05-24.jpg"
"53","Crescent Lake_01158186","./Images/Crescent Lake_01158186-2023-05-25.jpg"
"54","Crescent Lake_01158186","./Images/Crescent Lake_01158186-2023-05-26.jpg"
"55","Crescent Lake_01158186","./Images/Crescent Lake_01158186-2023-05-27.jpg"
"56","Crescent Lake_01158186","./Images/Crescent Lake_01158186-2023-05-28.jpg"
"57","Crump Lake_01119601","./Images/Crump Lake_01119601-2023-05-22.jpg"
"58","Crump Lake_01119601","./Images/Crump Lake_01119601-2023-05-23.jpg"
"59","Crump Lake_01119601","./Images/Crump Lake_01119601-2023-05-24.jpg"
"60","Crump Lake_01119601","./Images/Crump Lake_01119601-2023-05-25.jpg"
"61","Crump Lake_01119601","./Images/Crump Lake_01119601-2023-05-26.jpg"
"62","Crump Lake_01119601","./Images/Crump Lake_01119601-2023-05-27.jpg"
"63","Crump Lake_01119601","./Images/Crump Lake_01119601-2023-05-28.jpg"
"64","Cultus Lake_01140537","./Images/Cultus Lake_01140537-2023-05-22.jpg"
"65","Cultus Lake_01140537","./Images/Cultus Lake_01140537-2023-05-23.jpg"
"66","Cultus Lake_01140537","./Images/Cultus Lake_01140537-2023-05-24.jpg"
"67","Cultus Lake_01140537","./Images/Cultus Lake_01140537-2023-05-25.jpg"
"68","Cultus Lake_01140537","./Images/Cultus Lake_01140537-2023-05-26.jpg"
"69","Cultus Lake_01140537","./Images/Cultus Lake_01140537-2023-05-27.jpg"
"70","Cultus Lake_01140537","./Images/Cultus Lake_01140537-2023-05-28.jpg"
"71","Davis Lake_01140666","./Images/Davis Lake_01140666-2023-05-22.jpg"
"72","Davis Lake_01140666","./Images/Davis Lake_01140666-2023-05-23.jpg"
"73","Davis Lake_01140666","./Images/Davis Lake_01140666-2023-05-24.jpg"
"74","Davis Lake_01140666","./Images/Davis Lake_01140666-2023-05-25.jpg"
"75","Davis Lake_01140666","./Images/Davis Lake_01140666-2023-05-26.jpg"
"76","Davis Lake_01140666","./Images/Davis Lake_01140666-2023-05-27.jpg"
"77","Davis Lake_01140666","./Images/Davis Lake_01140666-2023-05-28.jpg"
"78","Detroit Lake_01639301","./Images/Detroit Lake_01639301-2023-05-22.jpg"
"79","Detroit Lake_01639301","./Images/Detroit Lake_01639301-2023-05-23.jpg"
"80","Detroit Lake_01639301","./Images/Detroit Lake_01639301-2023-05-24.jpg"
"81","Detroit Lake_01639301","./Images/Detroit Lake_01639301-2023-05-25.jpg"
"82","Detroit Lake_01639301","./Images/Detroit Lake_01639301-2023-05-26.jpg"
"83","Detroit Lake_01639301","./Images/Detroit Lake_01639301-2023-05-27.jpg"
"84","Detroit Lake_01639301","./Images/Detroit Lake_01639301-2023-05-28.jpg"
"85","Dexter Reservoir_01119918","./Images/Dexter Reservoir_01119918-2023-05-22.jpg"
"86","Dexter Reservoir_01119918","./Images/Dexter Reservoir_01119918-2023-05-23.jpg"
"87","Dexter Reservoir_01119918","./Images/Dexter Reservoir_01119918-2023-05-24.jpg"
"88","Dexter Reservoir_01119918","./Images/Dexter Reservoir_01119918-2023-05-25.jpg"
"89","Dexter Reservoir_01119918","./Images/Dexter Reservoir_01119918-2023-05-26.jpg"
"90","Dexter Reservoir_01119918","./Images/Dexter Reservoir_01119918-2023-05-27.jpg"
"91","Dexter Reservoir_01119918","./Images/Dexter Reservoir_01119918-2023-05-28.jpg"
"92","Diamond Lake_01140999","./Images/Diamond Lake_01140999-2023-05-22.jpg"
"93","Diamond Lake_01140999","./Images/Diamond Lake_01140999-2023-05-23.jpg"
"94","Diamond Lake_01140999","./Images/Diamond Lake_01140999-2023-05-24.jpg"
"95","Diamond Lake_01140999","./Images/Diamond Lake_01140999-2023-05-25.jpg"
"96","Diamond Lake_01140999","./Images/Diamond Lake_01140999-2023-05-26.jpg"
"97","Diamond Lake_01140999","./Images/Diamond Lake_01140999-2023-05-27.jpg"
"98","Diamond Lake_01140999","./Images/Diamond Lake_01140999-2023-05-28.jpg"
"99","Dorena Lake_01120032","./Images/Dorena Lake_01120032-2023-05-22.jpg"
"100","Dorena Lake_01120032","./Images/Dorena Lake_01120032-2023-05-23.jpg"
"101","Dorena Lake_01120032","./Images/Dorena Lake_01120032-2023-05-24.jpg"
"102","Dorena Lake_01120032","./Images/Dorena Lake_01120032-2023-05-25.jpg"
"103","Dorena Lake_01120032","./Images/Dorena Lake_01120032-2023-05-26.jpg"
"104","Dorena Lake_01120032","./Images/Dorena Lake_01120032-2023-05-27.jpg"
"105","Dorena Lake_01120032","./Images/Dorena Lake_01120032-2023-05-28.jpg"
"106","Drews Reservoir_01141243","./Images/Drews Reservoir_01141243-2023-05-22.jpg"
"107","Drews Reservoir_01141243","./Images/Drews Reservoir_01141243-2023-05-23.jpg"
"108","Drews Reservoir_01141243","./Images/Drews Reservoir_01141243-2023-05-24.jpg"
"109","Drews Reservoir_01141243","./Images/Drews Reservoir_01141243-2023-05-25.jpg"
"110","Drews Reservoir_01141243","./Images/Drews Reservoir_01141243-2023-05-26.jpg"
"111","Drews Reservoir_01141243","./Images/Drews Reservoir_01141243-2023-05-27.jpg"
"112","Drews Reservoir_01141243","./Images/Drews Reservoir_01141243-2023-05-28.jpg"
"113","East Lake_01141624","./Images/East Lake_01141624-2023-05-22.jpg"
"114","East Lake_01141624","./Images/East Lake_01141624-2023-05-23.jpg"
"115","East Lake_01141624","./Images/East Lake_01141624-2023-05-24.jpg"
"116","East Lake_01141624","./Images/East Lake_01141624-2023-05-25.jpg"
"117","East Lake_01141624","./Images/East Lake_01141624-2023-05-26.jpg"
"118","East Lake_01141624","./Images/East Lake_01141624-2023-05-27.jpg"
"119","East Lake_01141624","./Images/East Lake_01141624-2023-05-28.jpg"
"120","Fall Creek Lake_01158871","./Images/Fall Creek Lake_01158871-2023-05-22.jpg"
"121","Fall Creek Lake_01158871","./Images/Fall Creek Lake_01158871-2023-05-23.jpg"
"122","Fall Creek Lake_01158871","./Images/Fall Creek Lake_01158871-2023-05-24.jpg"
"123","Fall Creek Lake_01158871","./Images/Fall Creek Lake_01158871-2023-05-25.jpg"
"124","Fall Creek Lake_01158871","./Images/Fall Creek Lake_01158871-2023-05-26.jpg"
"125","Fall Creek Lake_01158871","./Images/Fall Creek Lake_01158871-2023-05-27.jpg"
"126","Fall Creek Lake_01158871","./Images/Fall Creek Lake_01158871-2023-05-28.jpg"
"127","Fern Ridge Lake_01120678","./Images/Fern Ridge Lake_01120678-2023-05-22.jpg"
"128","Fern Ridge Lake_01120678","./Images/Fern Ridge Lake_01120678-2023-05-23.jpg"
"129","Fern Ridge Lake_01120678","./Images/Fern Ridge Lake_01120678-2023-05-24.jpg"
"130","Fern Ridge Lake_01120678","./Images/Fern Ridge Lake_01120678-2023-05-25.jpg"
"131","Fern Ridge Lake_01120678","./Images/Fern Ridge Lake_01120678-2023-05-26.jpg"
"132","Fern Ridge Lake_01120678","./Images/Fern Ridge Lake_01120678-2023-05-27.jpg"
"133","Fern Ridge Lake_01120678","./Images/Fern Ridge Lake_01120678-2023-05-28.jpg"
"134","Foster Lake_01158892","./Images/Foster Lake_01158892-2023-05-22.jpg"
"135","Foster Lake_01158892","./Images/Foster Lake_01158892-2023-05-23.jpg"
"136","Foster Lake_01158892","./Images/Foster Lake_01158892-2023-05-24.jpg"
"137","Foster Lake_01158892","./Images/Foster Lake_01158892-2023-05-25.jpg"
"138","Foster Lake_01158892","./Images/Foster Lake_01158892-2023-05-26.jpg"
"139","Foster Lake_01158892","./Images/Foster Lake_01158892-2023-05-27.jpg"
"140","Foster Lake_01158892","./Images/Foster Lake_01158892-2023-05-28.jpg"
"141","Fourmile Lake_01161371","./Images/Fourmile Lake_01161371-2023-05-22.jpg"
"142","Fourmile Lake_01161371","./Images/Fourmile Lake_01161371-2023-05-23.jpg"
"143","Fourmile Lake_01161371","./Images/Fourmile Lake_01161371-2023-05-24.jpg"
"144","Fourmile Lake_01161371","./Images/Fourmile Lake_01161371-2023-05-25.jpg"
"145","Fourmile Lake_01161371","./Images/Fourmile Lake_01161371-2023-05-26.jpg"
"146","Fourmile Lake_01161371","./Images/Fourmile Lake_01161371-2023-05-27.jpg"
"147","Fourmile Lake_01161371","./Images/Fourmile Lake_01161371-2023-05-28.jpg"
"148","Gerber Reservoir_01121105","./Images/Gerber Reservoir_01121105-2023-05-22.jpg"
"149","Gerber Reservoir_01121105","./Images/Gerber Reservoir_01121105-2023-05-23.jpg"
"150","Gerber Reservoir_01121105","./Images/Gerber Reservoir_01121105-2023-05-24.jpg"
"151","Gerber Reservoir_01121105","./Images/Gerber Reservoir_01121105-2023-05-25.jpg"
"152","Gerber Reservoir_01121105","./Images/Gerber Reservoir_01121105-2023-05-26.jpg"
"153","Gerber Reservoir_01121105","./Images/Gerber Reservoir_01121105-2023-05-27.jpg"
"154","Gerber Reservoir_01121105","./Images/Gerber Reservoir_01121105-2023-05-28.jpg"
"155","Green Peter Lake_01158878","./Images/Green Peter Lake_01158878-2023-05-22.jpg"
"156","Green Peter Lake_01158878","./Images/Green Peter Lake_01158878-2023-05-23.jpg"
"157","Green Peter Lake_01158878","./Images/Green Peter Lake_01158878-2023-05-24.jpg"
"158","Green Peter Lake_01158878","./Images/Green Peter Lake_01158878-2023-05-25.jpg"
"159","Green Peter Lake_01158878","./Images/Green Peter Lake_01158878-2023-05-26.jpg"
"160","Green Peter Lake_01158878","./Images/Green Peter Lake_01158878-2023-05-27.jpg"
"161","Green Peter Lake_01158878","./Images/Green Peter Lake_01158878-2023-05-28.jpg"
"162","Hart Lake_01121637","./Images/Hart Lake_01121637-2023-05-22.jpg"
"163","Hart Lake_01121637","./Images/Hart Lake_01121637-2023-05-23.jpg"
"164","Hart Lake_01121637","./Images/Hart Lake_01121637-2023-05-24.jpg"
"165","Hart Lake_01121637","./Images/Hart Lake_01121637-2023-05-25.jpg"
"166","Hart Lake_01121637","./Images/Hart Lake_01121637-2023-05-26.jpg"
"167","Hart Lake_01121637","./Images/Hart Lake_01121637-2023-05-27.jpg"
"168","Hart Lake_01121637","./Images/Hart Lake_01121637-2023-05-28.jpg"
"169","Henry Hagg Lake_01158095","./Images/Henry Hagg Lake_01158095-2023-05-22.jpg"
"170","Henry Hagg Lake_01158095","./Images/Henry Hagg Lake_01158095-2023-05-23.jpg"
"171","Henry Hagg Lake_01158095","./Images/Henry Hagg Lake_01158095-2023-05-24.jpg"
"172","Henry Hagg Lake_01158095","./Images/Henry Hagg Lake_01158095-2023-05-25.jpg"
"173","Henry Hagg Lake_01158095","./Images/Henry Hagg Lake_01158095-2023-05-26.jpg"
"174","Henry Hagg Lake_01158095","./Images/Henry Hagg Lake_01158095-2023-05-27.jpg"
"175","Henry Hagg Lake_01158095","./Images/Henry Hagg Lake_01158095-2023-05-28.jpg"
"176","Hills Creek Lake_01158881","./Images/Hills Creek Lake_01158881-2023-05-22.jpg"
"177","Hills Creek Lake_01158881","./Images/Hills Creek Lake_01158881-2023-05-23.jpg"
"178","Hills Creek Lake_01158881","./Images/Hills Creek Lake_01158881-2023-05-24.jpg"
"179","Hills Creek Lake_01158881","./Images/Hills Creek Lake_01158881-2023-05-25.jpg"
"180","Hills Creek Lake_01158881","./Images/Hills Creek Lake_01158881-2023-05-26.jpg"
"181","Hills Creek Lake_01158881","./Images/Hills Creek Lake_01158881-2023-05-27.jpg"
"182","Hills Creek Lake_01158881","./Images/Hills Creek Lake_01158881-2023-05-28.jpg"
"183","Howard Prairie Lake_01158895","./Images/Howard Prairie Lake_01158895-2023-05-22.jpg"
"184","Howard Prairie Lake_01158895","./Images/Howard Prairie Lake_01158895-2023-05-23.jpg"
"185","Howard Prairie Lake_01158895","./Images/Howard Prairie Lake_01158895-2023-05-24.jpg"
"186","Howard Prairie Lake_01158895","./Images/Howard Prairie Lake_01158895-2023-05-25.jpg"
"187","Howard Prairie Lake_01158895","./Images/Howard Prairie Lake_01158895-2023-05-26.jpg"
"188","Howard Prairie Lake_01158895","./Images/Howard Prairie Lake_01158895-2023-05-27.jpg"
"189","Howard Prairie Lake_01158895","./Images/Howard Prairie Lake_01158895-2023-05-28.jpg"
"190","Lake Billy Chinook_01138120","./Images/Lake Billy Chinook_01138120-2023-05-22.jpg"
"191","Lake Billy Chinook_01138120","./Images/Lake Billy Chinook_01138120-2023-05-23.jpg"
"192","Lake Billy Chinook_01138120","./Images/Lake Billy Chinook_01138120-2023-05-24.jpg"
"193","Lake Billy Chinook_01138120","./Images/Lake Billy Chinook_01138120-2023-05-25.jpg"
"194","Lake Billy Chinook_01138120","./Images/Lake Billy Chinook_01138120-2023-05-26.jpg"
"195","Lake Billy Chinook_01138120","./Images/Lake Billy Chinook_01138120-2023-05-27.jpg"
"196","Lake Billy Chinook_01138120","./Images/Lake Billy Chinook_01138120-2023-05-28.jpg"
"197","Lake of the Woods_01161601","./Images/Lake of the Woods_01161601-2023-05-22.jpg"
"198","Lake of the Woods_01161601","./Images/Lake of the Woods_01161601-2023-05-23.jpg"
"199","Lake of the Woods_01161601","./Images/Lake of the Woods_01161601-2023-05-24.jpg"
"200","Lake of the Woods_01161601","./Images/Lake of the Woods_01161601-2023-05-25.jpg"
"201","Lake of the Woods_01161601","./Images/Lake of the Woods_01161601-2023-05-26.jpg"
"202","Lake of the Woods_01161601","./Images/Lake of the Woods_01161601-2023-05-27.jpg"
"203","Lake of the Woods_01161601","./Images/Lake of the Woods_01161601-2023-05-28.jpg"
"204","Lake Owyhee_01125099","./Images/Lake Owyhee_01125099-2023-05-22.jpg"
"205","Lake Owyhee_01125099","./Images/Lake Owyhee_01125099-2023-05-23.jpg"
"206","Lake Owyhee_01125099","./Images/Lake Owyhee_01125099-2023-05-24.jpg"
"207","Lake Owyhee_01125099","./Images/Lake Owyhee_01125099-2023-05-25.jpg"
"208","Lake Owyhee_01125099","./Images/Lake Owyhee_01125099-2023-05-26.jpg"
"209","Lake Owyhee_01125099","./Images/Lake Owyhee_01125099-2023-05-27.jpg"
"210","Lake Owyhee_01125099","./Images/Lake Owyhee_01125099-2023-05-28.jpg"
"211","Lake Umatilla_01513298","./Images/Lake Umatilla_01513298-2023-05-22.jpg"
"212","Lake Umatilla_01513298","./Images/Lake Umatilla_01513298-2023-05-23.jpg"
"213","Lake Umatilla_01513298","./Images/Lake Umatilla_01513298-2023-05-24.jpg"
"214","Lake Umatilla_01513298","./Images/Lake Umatilla_01513298-2023-05-25.jpg"
"215","Lake Umatilla_01513298","./Images/Lake Umatilla_01513298-2023-05-26.jpg"
"216","Lake Umatilla_01513298","./Images/Lake Umatilla_01513298-2023-05-27.jpg"
"217","Lake Umatilla_01513298","./Images/Lake Umatilla_01513298-2023-05-28.jpg"
"218","Lemolo Lake_01144938","./Images/Lemolo Lake_01144938-2023-05-22.jpg"
"219","Lemolo Lake_01144938","./Images/Lemolo Lake_01144938-2023-05-23.jpg"
"220","Lemolo Lake_01144938","./Images/Lemolo Lake_01144938-2023-05-24.jpg"
"221","Lemolo Lake_01144938","./Images/Lemolo Lake_01144938-2023-05-25.jpg"
"222","Lemolo Lake_01144938","./Images/Lemolo Lake_01144938-2023-05-26.jpg"
"223","Lemolo Lake_01144938","./Images/Lemolo Lake_01144938-2023-05-27.jpg"
"224","Lemolo Lake_01144938","./Images/Lemolo Lake_01144938-2023-05-28.jpg"
"225","Lost Creek Lake_01158890","./Images/Lost Creek Lake_01158890-2023-05-22.jpg"
"226","Lost Creek Lake_01158890","./Images/Lost Creek Lake_01158890-2023-05-23.jpg"
"227","Lost Creek Lake_01158890","./Images/Lost Creek Lake_01158890-2023-05-24.jpg"
"228","Lost Creek Lake_01158890","./Images/Lost Creek Lake_01158890-2023-05-25.jpg"
"229","Lost Creek Lake_01158890","./Images/Lost Creek Lake_01158890-2023-05-26.jpg"
"230","Lost Creek Lake_01158890","./Images/Lost Creek Lake_01158890-2023-05-27.jpg"
"231","Lost Creek Lake_01158890","./Images/Lost Creek Lake_01158890-2023-05-28.jpg"
"232","Malheur Lake_01123710","./Images/Malheur Lake_01123710-2023-05-22.jpg"
"233","Malheur Lake_01123710","./Images/Malheur Lake_01123710-2023-05-23.jpg"
"234","Malheur Lake_01123710","./Images/Malheur Lake_01123710-2023-05-24.jpg"
"235","Malheur Lake_01123710","./Images/Malheur Lake_01123710-2023-05-25.jpg"
"236","Malheur Lake_01123710","./Images/Malheur Lake_01123710-2023-05-26.jpg"
"237","Malheur Lake_01123710","./Images/Malheur Lake_01123710-2023-05-27.jpg"
"238","Malheur Lake_01123710","./Images/Malheur Lake_01123710-2023-05-28.jpg"
"239","McKay Reservoir_01132097","./Images/McKay Reservoir_01132097-2023-05-22.jpg"
"240","McKay Reservoir_01132097","./Images/McKay Reservoir_01132097-2023-05-23.jpg"
"241","McKay Reservoir_01132097","./Images/McKay Reservoir_01132097-2023-05-24.jpg"
"242","McKay Reservoir_01132097","./Images/McKay Reservoir_01132097-2023-05-25.jpg"
"243","McKay Reservoir_01132097","./Images/McKay Reservoir_01132097-2023-05-26.jpg"
"244","McKay Reservoir_01132097","./Images/McKay Reservoir_01132097-2023-05-27.jpg"
"245","McKay Reservoir_01132097","./Images/McKay Reservoir_01132097-2023-05-28.jpg"
"246","Odell Lake_01147159","./Images/Odell Lake_01147159-2023-05-22.jpg"
"247","Odell Lake_01147159","./Images/Odell Lake_01147159-2023-05-23.jpg"
"248","Odell Lake_01147159","./Images/Odell Lake_01147159-2023-05-24.jpg"
"249","Odell Lake_01147159","./Images/Odell Lake_01147159-2023-05-25.jpg"
"250","Odell Lake_01147159","./Images/Odell Lake_01147159-2023-05-26.jpg"
"251","Odell Lake_01147159","./Images/Odell Lake_01147159-2023-05-27.jpg"
"252","Odell Lake_01147159","./Images/Odell Lake_01147159-2023-05-28.jpg"
"253","Paulina Lake_01147502","./Images/Paulina Lake_01147502-2023-05-22.jpg"
"254","Paulina Lake_01147502","./Images/Paulina Lake_01147502-2023-05-23.jpg"
"255","Paulina Lake_01147502","./Images/Paulina Lake_01147502-2023-05-24.jpg"
"256","Paulina Lake_01147502","./Images/Paulina Lake_01147502-2023-05-25.jpg"
"257","Paulina Lake_01147502","./Images/Paulina Lake_01147502-2023-05-26.jpg"
"258","Paulina Lake_01147502","./Images/Paulina Lake_01147502-2023-05-27.jpg"
"259","Paulina Lake_01147502","./Images/Paulina Lake_01147502-2023-05-28.jpg"
"260","Renner Lake_00267175","./Images/Renner Lake_00267175-2023-05-22.jpg"
"261","Renner Lake_00267175","./Images/Renner Lake_00267175-2023-05-23.jpg"
"262","Renner Lake_00267175","./Images/Renner Lake_00267175-2023-05-24.jpg"
"263","Renner Lake_00267175","./Images/Renner Lake_00267175-2023-05-25.jpg"
"264","Renner Lake_00267175","./Images/Renner Lake_00267175-2023-05-26.jpg"
"265","Renner Lake_00267175","./Images/Renner Lake_00267175-2023-05-27.jpg"
"266","Renner Lake_00267175","./Images/Renner Lake_00267175-2023-05-28.jpg"
"267","Siltcoos Lake_01158483","./Images/Siltcoos Lake_01158483-2023-05-22.jpg"
"268","Siltcoos Lake_01158483","./Images/Siltcoos Lake_01158483-2023-05-23.jpg"
"269","Siltcoos Lake_01158483","./Images/Siltcoos Lake_01158483-2023-05-24.jpg"
"270","Siltcoos Lake_01158483","./Images/Siltcoos Lake_01158483-2023-05-25.jpg"
"271","Siltcoos Lake_01158483","./Images/Siltcoos Lake_01158483-2023-05-26.jpg"
"272","Siltcoos Lake_01158483","./Images/Siltcoos Lake_01158483-2023-05-27.jpg"
"273","Siltcoos Lake_01158483","./Images/Siltcoos Lake_01158483-2023-05-28.jpg"
"274","Sturgeon Lake_01127681","./Images/Sturgeon Lake_01127681-2023-05-22.jpg"
"275","Sturgeon Lake_01127681","./Images/Sturgeon Lake_01127681-2023-05-23.jpg"
"276","Sturgeon Lake_01127681","./Images/Sturgeon Lake_01127681-2023-05-24.jpg"
"277","Sturgeon Lake_01127681","./Images/Sturgeon Lake_01127681-2023-05-25.jpg"
"278","Sturgeon Lake_01127681","./Images/Sturgeon Lake_01127681-2023-05-26.jpg"
"279","Sturgeon Lake_01127681","./Images/Sturgeon Lake_01127681-2023-05-27.jpg"
"280","Sturgeon Lake_01127681","./Images/Sturgeon Lake_01127681-2023-05-28.jpg"
"281","Summit Lake_01150624","./Images/Summit Lake_01150624-2023-05-22.jpg"
"282","Summit Lake_01150624","./Images/Summit Lake_01150624-2023-05-23.jpg"
"283","Summit Lake_01150624","./Images/Summit Lake_01150624-2023-05-24.jpg"
"284","Summit Lake_01150624","./Images/Summit Lake_01150624-2023-05-25.jpg"
"285","Summit Lake_01150624","./Images/Summit Lake_01150624-2023-05-26.jpg"
"286","Summit Lake_01150624","./Images/Summit Lake_01150624-2023-05-27.jpg"
"287","Summit Lake_01150624","./Images/Summit Lake_01150624-2023-05-28.jpg"
"288","Swamp Lake_01127802","./Images/Swamp Lake_01127802-2023-05-22.jpg"
"289","Swamp Lake_01127802","./Images/Swamp Lake_01127802-2023-05-23.jpg"
"290","Swamp Lake_01127802","./Images/Swamp Lake_01127802-2023-05-24.jpg"
"291","Swamp Lake_01127802","./Images/Swamp Lake_01127802-2023-05-25.jpg"
"292","Swamp Lake_01127802","./Images/Swamp Lake_01127802-2023-05-26.jpg"
"293","Swamp Lake_01127802","./Images/Swamp Lake_01127802-2023-05-27.jpg"
"294","Swamp Lake_01127802","./Images/Swamp Lake_01127802-2023-05-28.jpg"
"295","Thief Valley Reservoir_01128007","./Images/Thief Valley Reservoir_01128007-2023-05-22.jpg"
"296","Thief Valley Reservoir_01128007","./Images/Thief Valley Reservoir_01128007-2023-05-23.jpg"
"297","Thief Valley Reservoir_01128007","./Images/Thief Valley Reservoir_01128007-2023-05-24.jpg"
"298","Thief Valley Reservoir_01128007","./Images/Thief Valley Reservoir_01128007-2023-05-25.jpg"
"299","Thief Valley Reservoir_01128007","./Images/Thief Valley Reservoir_01128007-2023-05-26.jpg"
"300","Thief Valley Reservoir_01128007","./Images/Thief Valley Reservoir_01128007-2023-05-27.jpg"
"301","Thief Valley Reservoir_01128007","./Images/Thief Valley Reservoir_01128007-2023-05-28.jpg"
"302","Timothy Lake_01151253","./Images/Timothy Lake_01151253-2023-05-22.jpg"
"303","Timothy Lake_01151253","./Images/Timothy Lake_01151253-2023-05-23.jpg"
"304","Timothy Lake_01151253","./Images/Timothy Lake_01151253-2023-05-24.jpg"
"305","Timothy Lake_01151253","./Images/Timothy Lake_01151253-2023-05-25.jpg"
"306","Timothy Lake_01151253","./Images/Timothy Lake_01151253-2023-05-26.jpg"
"307","Timothy Lake_01151253","./Images/Timothy Lake_01151253-2023-05-27.jpg"
"308","Timothy Lake_01151253","./Images/Timothy Lake_01151253-2023-05-28.jpg"
"309","Upper Cow Lake_01119431","./Images/Upper Cow Lake_01119431-2023-05-22.jpg"
"310","Upper Cow Lake_01119431","./Images/Upper Cow Lake_01119431-2023-05-23.jpg"
"311","Upper Cow Lake_01119431","./Images/Upper Cow Lake_01119431-2023-05-24.jpg"
"312","Upper Cow Lake_01119431","./Images/Upper Cow Lake_01119431-2023-05-25.jpg"
"313","Upper Cow Lake_01119431","./Images/Upper Cow Lake_01119431-2023-05-26.jpg"
"314","Upper Cow Lake_01119431","./Images/Upper Cow Lake_01119431-2023-05-27.jpg"
"315","Upper Cow Lake_01119431","./Images/Upper Cow Lake_01119431-2023-05-28.jpg"
"316","Upper Klamath Lake_01151685","./Images/Upper Klamath Lake_01151685-2023-05-22.jpg"
"317","Upper Klamath Lake_01151685","./Images/Upper Klamath Lake_01151685-2023-05-23.jpg"
"318","Upper Klamath Lake_01151685","./Images/Upper Klamath Lake_01151685-2023-05-24.jpg"
"319","Upper Klamath Lake_01151685","./Images/Upper Klamath Lake_01151685-2023-05-25.jpg"
"320","Upper Klamath Lake_01151685","./Images/Upper Klamath Lake_01151685-2023-05-26.jpg"
"321","Upper Klamath Lake_01151685","./Images/Upper Klamath Lake_01151685-2023-05-27.jpg"
"322","Upper Klamath Lake_01151685","./Images/Upper Klamath Lake_01151685-2023-05-28.jpg"
"323","Waldo Lake_01151818","./Images/Waldo Lake_01151818-2023-05-22.jpg"
"324","Waldo Lake_01151818","./Images/Waldo Lake_01151818-2023-05-23.jpg"
"325","Waldo Lake_01151818","./Images/Waldo Lake_01151818-2023-05-24.jpg"
"326","Waldo Lake_01151818","./Images/Waldo Lake_01151818-2023-05-25.jpg"
"327","Waldo Lake_01151818","./Images/Waldo Lake_01151818-2023-05-26.jpg"
"328","Waldo Lake_01151818","./Images/Waldo Lake_01151818-2023-05-27.jpg"
"329","Waldo Lake_01151818","./Images/Waldo Lake_01151818-2023-05-28.jpg"
"330","Wallowa Lake_01151862","./Images/Wallowa Lake_01151862-2023-05-22.jpg"
"331","Wallowa Lake_01151862","./Images/Wallowa Lake_01151862-2023-05-23.jpg"
"332","Wallowa Lake_01151862","./Images/Wallowa Lake_01151862-2023-05-24.jpg"
"333","Wallowa Lake_01151862","./Images/Wallowa Lake_01151862-2023-05-25.jpg"
"334","Wallowa Lake_01151862","./Images/Wallowa Lake_01151862-2023-05-26.jpg"
"335","Wallowa Lake_01151862","./Images/Wallowa Lake_01151862-2023-05-27.jpg"
"336","Wallowa Lake_01151862","./Images/Wallowa Lake_01151862-2023-05-28.jpg"
"337","Warm Springs Reservoir_01128656","./Images/Warm Springs Reservoir_01128656-2023-05-22.jpg"
"338","Warm Springs Reservoir_01128656","./Images/Warm Springs Reservoir_01128656-2023-05-23.jpg"
"339","Warm Springs Reservoir_01128656","./Images/Warm Springs Reservoir_01128656-2023-05-24.jpg"
"340","Warm Springs Reservoir_01128656","./Images/Warm Springs Reservoir_01128656-2023-05-25.jpg"
"341","Warm Springs Reservoir_01128656","./Images/Warm Springs Reservoir_01128656-2023-05-26.jpg"
"342","Warm Springs Reservoir_01128656","./Images/Warm Springs Reservoir_01128656-2023-05-27.jpg"
"343","Warm Springs Reservoir_01128656","./Images/Warm Springs Reservoir_01128656-2023-05-28.jpg"
"344","Wickiup Reservoir_01161711","./Images/Wickiup Reservoir_01161711-2023-05-22.jpg"
"345","Wickiup Reservoir_01161711","./Images/Wickiup Reservoir_01161711-2023-05-23.jpg"
"346","Wickiup Reservoir_01161711","./Images/Wickiup Reservoir_01161711-2023-05-24.jpg"
"347","Wickiup Reservoir_01161711","./Images/Wickiup Reservoir_01161711-2023-05-25.jpg"
"348","Wickiup Reservoir_01161711","./Images/Wickiup Reservoir_01161711-2023-05-26.jpg"
"349","Wickiup Reservoir_01161711","./Images/Wickiup Reservoir_01161711-2023-05-27.jpg"
"350","Wickiup Reservoir_01161711","./Images/Wickiup Reservoir_01161711-2023-05-28.jpg"
